ID,Serial Number,QR Code
100000001b193c43,082023046,400-0102-02
10000000237d6e03,102023007,400-0102-02
1000000024386e3d,102023007,400-0102-02
1000000043fe2320,100223023,400-0130-02
100000004eb65d0e,100223005,4000103-02
100000005cd223bb,072423006,400-0102-02
100000007bb7fa93,112723027,400-103-02
1000000098c3752f,110923088,400-0102-02
100000009cb7d6ca,013024014,400-0102-03
10000000d3b03bcf,110923019,400-1003-02
10000000d65423bb,110923085,400-0102-02
10000000f1d1514c,110923098,400-0102-02
10000000f851c4c8,110923036,400-0102-02
E660D05113496032,071923006,400-0103-02
E660D05113709036,072423052,2-02
E66138528310832C,030624018,400-0103-02
E661385283118332,030624116,400-0103-02
E661385283136935,030624140,400-0103-02
E661385283155732,030624055,400-0103-02
E6613852831A3531,030624133,400-0103-02
E6613852831D3C31,030624060,400-0103-02
E661385283223831,030624111,400-0103-02
E661385283223A31,030624129,400-0103-02
E66138528327862C,030624105,400-0103-02
E661385283281E31,030624144,400-0103-02
E6613852832C5F32,030624050,400-0103-02
E6613852832E3B28,030624083,400-0103-02
E66138528334202C,030624107,400-0103-02
E66138528335B132,030624079,400-0103-02
E6613852833B1B35,030624009,400-0103-02
E6613852833C132C,240425S009,400-0255-00
E661385283429132,030624118,400-0103-02
E661385283439C32,030624044,400-0103-02
E66138528346C12D,240425S007,400-0255-00
E661385283489A2C,030624040,400-0103-02
E6613852834A1F31,030624037,400-0103-02
E6613852834B0831,030624074,400-0103-02
E6613852834CB335,030624012,400-0103-02
E661385283505732,030624090,400-0103-02
E66138528353B02C,030624076,400-0103-02
E661385283558132,030624125,400-0103-02
E66138528355B92D,240425S004,400-0255-00
E66138528355BD35,030624058,400-0103-02
E66138528359B32C,030624136,400-0103-02
E6613852835B9232,030624114,400-0103-02
E6613852835D1F28,240425S008,400-0255-00
E6613852835EA72C,030624068,400-0103-02
E66138528360962C,030624084,400-0103-02
E66138528360BA2C,030624072,400-0103-02
E66138528361A22C,030624002,400-0103-02
E66138528361A82C,030624035,400-0103-02
E66138528361B52D,030624117,400-0103-02
E66138528363AC32,030624025,400-0103-02
E661385283641131,030624054,400-0103-02
E66138528365AF2C,030624034,400-0103-02
E66138528367692C,030624113,400-0103-02
E6613852836C3331,030624051,400-0103-02
E6613852836D3A28,240425S005,400-0255-00
E661385283726032,240425S006,400-0255-00
E661385283728D2C,030624149,400-0103-02
E661385283769032,030624139,400-0103-02
E661385283781D28,030624121,400-0103-02
E6613852837A1431,030624042,400-0103-02
E6613852837E4231,030624041,400-0103-02
E661385283812331,030624056,400-0103-02
E66138528381722C,030624115,400-0103-02
E661385283845A2C,030624095,400-0103-02
E661385283848132,030624014,400-0103-02
E6613852838D4F2C,030624052,400-0103-02
E6613852838E3432,030624062,400-0103-02
E661385283948032,030624065,400-0103-02
E661385283964E2C,030624100,400-0103-02
E661385283998C35,030624106,400-0103-02
E6613852839C892C,030624020,400-0103-02
E6616407E3223E2F,TSETTSET,TESTTEST
E6616407E32E1829,GNITSET,TESTING
E6616407E330952F,TEST,TEST
E6616407E39A662F,TEST,TEST
E661640843858925,TEST,TEST
E66178C1274C6228,030624070,400-0103-02
E661801017095735,030624134,400-0103-02
E6618010170F6035,030624048,400-0103-02
E661801017134635,030624030,400-0103-02
E661801017176A35,030624141,400-0103-02
E6618010171E6135,030624073,400-0103-02
E6618010171F9435,030624091,400-0103-02
E661801017205235,030624045,400-0103-02
E661801017219135,030624015,400-0103-02
E661801017259835,030624086,400-0103-02
E6618010172C5235,030624150,400-0103-02
E6618010172E7935,030624082,400-0103-02
E6618010172F3935,030624010,400-0103-02
E661801017325835,030624069,400-0103-02
E661801017327A35,030624147,400-0103-02
E661801017336C35,030624046,400-0103-02
E661801017383035,030624011,400-0103-02
E6618010173A3035,030624061,400-0103-02
E6618010173C1D35,030624081,400-0103-02
E6618010173D5D35,030624122,400-0103-02
E6618010173FA635,030624137,400-0103-02
E661801017401F35,030624007,400-0103-02
E661801017402735,030624088,400-0103-02
E661801017409335,030624148,400-0103-02
E66180101742A735,030624001,400-0103-02
E661801017461F35,030624093,400-0103-02
E6618010174BA035,030624064,400-0103-02
E6618010174C7935,030624087,400-0103-02
E6618010174D2135,030624071,400-0103-02
E6618010174F9335,030624008,400-0103-02
E661801017524C35,030624110,400-0103-02
E661801017551C35,030624146,400-0103-02
E661801017563D35,030624123,400-0103-02
E661801017567E35,030624120,400-0103-02
E66180101758C035,030624032,400-0103-02
E6618010175D0D35,030624145,400-0103-02
E6618010175DAD35,030624080,400-0103-02
E6618010175EB035,030624038,400-0103-02
E661801017627635,030624101,400-0103-02
E661801017645E35,030624013,400-0103-02
E661801017650D35,030624021,400-0103-02
E661801017699035,030624132,400-0103-02
E6618010176F5735,030624047,400-0103-02
E661801017734435,030624067,400-0103-02
E661801017776535,030624005,400-0103-02
E6618010177A6035,030624066,400-0103-02
E6618010177C7935,030624019,400-0103-02
E6618010177D9935,030624059,400-0103-02
E6618010177E5335,030624039,400-0103-02
E661801017863735,030624043,400-0103-02
E6618010178B5635,030624119,400-0103-02
E661AC88630B6B28,030624036,400-0103-02
E661AC8863116324,030624135,400-0103-02
E661AC8863167F24,030624124,400-0103-02
E661AC88631B6424,030624094,400-0103-02
E661AC8863226D24,030624085,400-0103-02
E661AC8863299125,030624004,400-0103-02
E661AC88632C7825,030624103,400-0103-02
E661AC886331A927,030624031,400-0103-02
E661AC886334AE22,030624102,400-0103-02
E661AC8863362424,030624130,400-0103-02
E661AC88633A9128,030624092,400-0103-02
E661AC88633C7E25,030624104,400-0103-02
E661AC88633FA021,030624097,400-0103-02
E661AC8863412227,030624128,400-0103-02
E661AC8863438F25,030624099,400-0103-02
E661AC8863478F27,030624003,400-0103-02
E661AC886347C327,030624057,400-0103-02
E661AC8863576024,030624078,400-0103-02
E661AC886358AC24,030624126,400-0103-02
E661AC8863596125,030624112,400-0103-02
E661AC88635AC524,030624026,400-0103-02
E661AC88635B4325,030624027,400-0103-02
E661AC88635CA327,030624063,400-0103-02
E661AC88635D2121,030624089,400-0103-02
E661AC886361C023,030624077,400-0103-02
E661AC8863650825,030624142,400-0103-02
E661AC8863689824,030624138,400-0103-02
E661AC88636C8024,030624098,400-0103-02
E661AC88636D4D27,030624131,400-0103-02
E661AC88636DAD26,TESTTESTS,400-TEST-01
E661AC88636F4725,030624096,400-0103-02
E661AC886371AB24,030624143,400-0103-02
E661AC88637F9125,030624053,400-0103-02
E661AC8863848324,030624109,400-0103-02
E661AC8863848E24,030624049,400-0103-02
E661AC8863859A25,030624016,400-0103-02
E661AC88638D5427,030624022,400-0103-02
E661AC88638F8A25,030624108,400-0103-02
E661AC8863975624,030624059,400-0103-02
E661AC8863996423,030624075,400-0103-02
E661AC88639C5A24,030624017,400-0103-02
