,0
0,0000000098733240
1,00000000c997195d
2,1000000000862add
3,1000000000eb7857
4,10000000011e44c9
5,1000000001b7dda6
6,1000000002b88c87
7,1000000002be265d
8,10000000033896e0
9,1000000003676bf1
10,10000000037c5199
11,1000000003a42eec
12,100000000414ba40
13,1000000004556abd
14,1000000004a31bc4
15,1000000004ae040a
16,1000000004dbe11b
17,1000000005ab8a1b
18,1000000006c62527
19,10000000079923aa
20,1000000007b9d667
21,1000000007d0bd77
22,1000000007d595e3
23,1000000009456e4f
24,1000000009cdd1f3
25,100000000a13a5a7
26,100000000a6eda6e
27,100000000ab5428e
28,100000000ad26e09
29,100000000bcb8481
30,100000000d743e66
31,100000000e70884b
32,100000000f9764ff
33,100000000ff48952
34,1000000010fdd184
35,10000000118e29bf
36,100000001191fd5d
37,1000000011929e0e
38,1000000011b6816c
39,1000000011d0f114
40,100000001285652f
41,1000000012c21fc0
42,1000000012c9ec30
43,1000000012ee8d06
44,100000001384452b
45,1000000014036095
46,100000001440076e
47,100000001467243c
48,10000000152a00f3
49,10000000153c531f
50,1000000015a2205b
51,100000001668706c
52,1000000016861cc7
53,1000000016cb6dc0
54,1000000016d4f202
55,1000000016e97e49
56,1000000016f0fca9
57,1000000018ea06d9
58,10000000192bd588
59,1000000019327ac7
60,1000000019ec0d94
61,100000001a361965
62,100000001a8c70c0
63,100000001a9c603a
64,100000001b193c43
65,100000001d12782f
66,100000001de9654f
67,100000001edb2697
68,100000001f2c52ff
69,100000001f5ac62b
70,100000001f9c5d1e
71,100000001fbadd4b
72,10000000200fea15
73,10000000201b6986
74,10000000205b92d1
75,10000000205f94ab
76,1000000020b2a554
77,1000000020cb2924
78,1000000020cddc39
79,1000000020f50b8d
80,1000000022701d04
81,1000000022769985
82,1000000022a46617
83,10000000232852c1
84,10000000237d6e03
85,100000002386b740
86,1000000023abd0cf
87,1000000023b635a4
88,1000000024386e3d
89,10000000256932dd
90,1000000026940853
91,10000000276507fc
92,100000002863375a
93,10000000287b7ee4
94,1000000028d48d94
95,10000000290f70de
96,1000000029bc0805
97,1000000029e919d8
98,100000002a2022bd
99,100000002a3df819
100,100000002a5fbc78
101,100000002a741bec
102,100000002ada8f46
103,100000002af7d049
104,100000002b694fb4
105,100000002b6d22ae
106,100000002c53695d
107,100000002c68c8e6
108,100000002cc960b2
109,100000002ce70c84
110,100000002d01aaa3
111,100000002d209f22
112,100000002daa4569
113,100000002e5fc83f
114,100000002e737cc0
115,100000002ed4107f
116,100000002f304864
117,100000003046d823
118,10000000307d5d15
119,100000003095db16
120,1000000030c01b23
121,1000000031672135
122,1000000031bae28b
123,1000000031d08352
124,10000000329ce5ce
125,1000000032a1d5f1
126,10000000336b8149
127,10000000336d79f2
128,1000000033e50e30
129,1000000034bf2703
130,1000000034e61562
131,1000000034f10f7d
132,1000000035689137
133,100000003578709b
134,10000000360fd3ae
135,100000003611e8d4
136,1000000036803540
137,1000000036b725aa
138,10000000376d9e25
139,1000000037ceebc6
140,10000000382ffbce
141,1000000038cb9742
142,1000000038f12e07
143,1000000038f4e9bc
144,10000000391f5111
145,10000000395dfe8e
146,1000000039fb05d6
147,100000003a04480f
148,100000003b665c0b
149,100000003b69bb32
150,100000003bdde3c3
151,100000003bffdcb8
152,100000003c5ccef7
153,100000003cf2bf7c
154,100000003dcccdac
155,100000003e046977
156,100000003e11c069
157,100000003ec0ed43
158,100000003fd4731b
159,100000003ff9fda5
160,100000004030a9b9
161,1000000041038164
162,10000000413e07d0
163,1000000041e15143
164,1000000041f01485
165,10000000421fde08
166,10000000427d8233
167,1000000042852ba5
168,1000000042bc06a4
169,1000000042e7a33e
170,10000000432012dd
171,10000000435ff351
172,1000000043797a6e
173,1000000043fe2320
174,100000004493c7b7
175,10000000453d4012
176,1000000045f8594e
177,10000000467e2bee
178,1000000046c4fb98
179,1000000046e25748
180,1000000047068e9e
181,10000000478ab7ee
182,1000000047fcce5e
183,100000004865a32d
184,1000000048b104cf
185,10000000493020b4
186,10000000493f14e7
187,1000000049612ed5
188,1000000049b3fa85
189,1000000049c2bfc8
190,100000004a776d9f
191,100000004abffb85
192,100000004ae98964
193,100000004b07548f
194,100000004b4682b1
195,100000004c6e3770
196,100000004cdd29e7
197,100000004cf01e94
198,100000004d3a94d4
199,100000004d8a649d
200,100000004eb65d0e
201,100000004efd18bb
202,100000004f0431a0
203,1000000050397941
204,10000000505dafe7
205,1000000050f6f4cf
206,1000000051a353c9
207,100000005229244d
208,10000000525c6760
209,1000000052971cab
210,1000000052d1efc6
211,10000000530b4e00
212,10000000534d7c12
213,100000005386f997
214,1000000053b3a5ab
215,1000000053f7210c
216,1000000054dc7195
217,10000000556a875f
218,1000000056bedc7f
219,10000000570d71f9
220,10000000572dccf6
221,10000000576246ac
222,10000000576a510c
223,1000000058161135
224,1000000058884c9f
225,100000005902f72f
226,100000005a473b2c
227,100000005a915230
228,100000005ad47f5f
229,100000005b2516b0
230,100000005b82ca7f
231,100000005cce21e1
232,100000005cd223bb
233,100000005cf9d3d6
234,100000005d6d2f5c
235,100000005e51c1a0
236,100000005fed2302
237,10000000600b6db7
238,10000000601b420f
239,10000000606ed2ec
240,1000000060f05649
241,1000000060f2be07
242,10000000615b5899
243,10000000616c72c4
244,10000000616d8d36
245,10000000622ac6db
246,100000006237fa26
247,1000000062421991
248,10000000628a6dd7
249,1000000062b9175f
250,1000000062eaa03e
251,1000000063080c3a
252,100000006391895a
253,100000006415e46d
254,10000000641b6e05
255,1000000064e338d4
256,10000000652f7468
257,10000000657918d3
258,1000000065aa1635
259,100000006689ba2b
260,10000000668cec55
261,1000000066c0dea7
262,100000006700dfa1
263,1000000067077781
264,10000000670d6129
265,100000006761e34b
266,1000000067ffbe14
267,10000000682a241f
268,1000000069d55b91
269,1000000069de022e
270,1000000069e26c8f
271,100000006a60d04a
272,100000006b5d87fb
273,100000006baec524
274,100000006bc4fc60
275,100000006be3b351
276,100000006bf1df30
277,100000006bf7a41b
278,100000006c269f37
279,100000006cc2486d
280,100000006d01a130
281,100000006d08ec35
282,100000006d4dd9ee
283,100000006e0c4dcf
284,100000006ebc8907
285,100000006f338f46
286,100000007093eedd
287,1000000070e06b26
288,1000000071b0f57e
289,1000000072186e21
290,1000000072d7e836
291,100000007309102c
292,10000000732fc545
293,10000000735c7df8
294,10000000739c7090
295,1000000073ede5c0
296,1000000074a55955
297,1000000074fa862d
298,10000000757ee563
299,100000007636a848
300,1000000077713393
301,1000000078e52148
302,1000000079249ae1
303,100000007953c3ee
304,100000007988243f
305,1000000079ae3f63
306,100000007a32e7d8
307,100000007aadb3f3
308,100000007abc77ec
309,100000007ae8622a
310,100000007b3f6ecb
311,100000007b9437c0
312,100000007bb7fa93
313,100000007bd0a75e
314,100000007d22b2a3
315,100000007e1146a3
316,100000007e60e742
317,100000007f01da7b
318,100000007f2f4c5e
319,100000007f783276
320,100000007f90ad64
321,100000007fb537be
322,100000007ff1437e
323,1000000080ee9983
324,1000000081389f1a
325,100000008225573f
326,10000000828ca459
327,10000000829aefd1
328,1000000082b08ca0
329,1000000084346550
330,1000000084581bf8
331,1000000084642165
332,1000000084b6b50c
333,10000000855e4a54
334,1000000085901c7d
335,1000000085b75e6f
336,1000000085d255ef
337,1000000086301c74
338,10000000863f0c0d
339,100000008664bcab
340,100000008667c382
341,1000000087578797
342,1000000087fecb9a
343,1000000088cdcf2c
344,100000008adda206
345,100000008b758362
346,100000008b979140
347,100000008beb48ba
348,100000008bfc90e2
349,100000008ca44e6f
350,100000008cd6c56d
351,100000008d6b527b
352,100000008d8dfc80
353,100000008d961320
354,100000008f458d32
355,100000008f5c500f
356,100000008f9f8c37
357,100000008fef7a61
358,10000000914245d4
359,10000000914e191f
360,1000000091922965
361,1000000091b666d4
362,100000009225984e
363,10000000923c4be9
364,1000000092902dbd
365,1000000092c5f385
366,1000000093736db2
367,1000000093879705
368,10000000946aa7f6
369,10000000947e701d
370,10000000965e6e57
371,10000000966f19a7
372,1000000096a39d42
373,1000000096c8a7c8
374,100000009798808f
375,1000000097ed5d70
376,1000000097fb080a
377,1000000097ff9c8e
378,1000000098002c29
379,1000000098c3752f
380,1000000098c84cf8
381,1000000099b850df
382,100000009a053e6a
383,100000009c4f314d
384,100000009c8ee748
385,100000009c9d333f
386,100000009cb7d6ca
387,100000009d08e67f
388,100000009e1973b4
389,100000009ea07385
390,100000009eff6a84
391,100000009f192f8a
392,100000009fe78d0e
393,10000000a00af613
394,10000000a02f4821
395,10000000a07cf22b
396,10000000a0b34fa4
397,10000000a0fc1f63
398,10000000a110833d
399,10000000a194bfc0
400,10000000a1ea0102
401,10000000a205fa89
402,10000000a3ae0a36
403,10000000a3bf09b5
404,10000000a3e0c289
405,10000000a4a6a326
406,10000000a4fbc61d
407,10000000a63c5065
408,10000000a65833f0
409,10000000a7aea6f6
410,10000000a82cdbbe
411,10000000a8b57379
412,10000000a8dd6e11
413,10000000a8f6ed39
414,10000000a91424c7
415,10000000aa105a32
416,10000000aa8cb6d4
417,10000000aaa961b5
418,10000000aac4c723
419,10000000ab6ce4ea
420,10000000ac9f8d88
421,10000000ae78cad8
422,10000000ae8f008d
423,10000000afb0c849
424,10000000afe8a0cf
425,10000000b024a84f
426,10000000b0ac36a6
427,10000000b0c862d4
428,10000000b1833248
429,10000000b189f55f
430,10000000b195fa40
431,10000000b197f0d9
432,10000000b34781d0
433,10000000b34fe818
434,10000000b39f2680
435,10000000b505dda2
436,10000000b51d8190
437,10000000b5317680
438,10000000b598fc3d
439,10000000b5a50693
440,10000000b5f501f2
441,10000000b68642ee
442,10000000b69f992b
443,10000000b6d0d49f
444,10000000b6e53cd6
445,10000000b70ed747
446,10000000b71c4ea6
447,10000000b74ad5c8
448,10000000b7619ead
449,10000000b76a0ac5
450,10000000b826d34c
451,10000000b85182a2
452,10000000b878be2b
453,10000000b8b0fd4b
454,10000000b9262d20
455,10000000b92a59ba
456,10000000ba6b6f5b
457,10000000baa12ee9
458,10000000bb8a7584
459,10000000bc210484
460,10000000bcbeb50e
461,10000000bd433cb5
462,10000000bdb2e13d
463,10000000beb03c3c
464,10000000beb9b7f6
465,10000000beba0314
466,10000000bf1aa624
467,10000000bf86b315
468,10000000c01433ca
469,10000000c0296894
470,10000000c0d361fc
471,10000000c108296a
472,10000000c13e906f
473,10000000c1425c7a
474,10000000c1ef516d
475,10000000c2094a7b
476,10000000c21ca602
477,10000000c329060a
478,10000000c36741a5
479,10000000c3f225f3
480,10000000c461cd4b
481,10000000c48660bb
482,10000000c4dbd2e7
483,10000000c5592be1
484,10000000c88b7992
485,10000000c9155cd7
486,10000000c919ff18
487,10000000ca101cb2
488,10000000cae4458e
489,10000000cb6ec858
490,10000000cc44d9b3
491,10000000ccd36961
492,10000000cd020e5a
493,10000000cd7989d4
494,10000000ce402204
495,10000000cea43596
496,10000000cf05d364
497,10000000d04c9ed8
498,10000000d077a755
499,10000000d0f4d649
500,10000000d130e8e0
501,10000000d1517680
502,10000000d179fafc
503,10000000d187e790
504,10000000d1898cc4
505,10000000d1deb8ba
506,10000000d2385656
507,10000000d26d6b90
508,10000000d2cb644b
509,10000000d3b03bcf
510,10000000d520b17e
511,10000000d5470196
512,10000000d54b4b34
513,10000000d5547f78
514,10000000d597bf3b
515,10000000d5e994b2
516,10000000d65423bb
517,10000000d6837526
518,10000000d85291c1
519,10000000d89d1412
520,10000000d8ca882e
521,10000000d8dd420c
522,10000000d9413baa
523,10000000d9430d2e
524,10000000da0782d0
525,10000000dac6b1c8
526,10000000dbc2ec13
527,10000000dc789ad3
528,10000000dc89f607
529,10000000dde0b65d
530,10000000de818487
531,10000000df1164c6
532,10000000df11711e
533,10000000df2eace0
534,10000000df962b7e
535,10000000dfd44b52
536,10000000dff1fdfb
537,10000000e0735628
538,10000000e0f52219
539,10000000e2782f76
540,10000000e3810841
541,10000000e4183923
542,10000000e439fb9e
543,10000000e44c66ad
544,10000000e4dcec28
545,10000000e51037d4
546,10000000e58e1c34
547,10000000e5f5c570
548,10000000e7d800c1
549,10000000e7db2b33
550,10000000e8038938
551,10000000e817af14
552,10000000e868cb30
553,10000000e8efba4a
554,10000000e8f8fd2c
555,10000000e944f22a
556,10000000ea01678b
557,10000000ea8e9794
558,10000000eada3f30
559,10000000eae564cc
560,10000000eb2ae44b
561,10000000eb6193ca
562,10000000ebd42271
563,10000000ec8926bd
564,10000000ec8e7601
565,10000000ecaac53a
566,10000000eccea5fe
567,10000000ecda03a9
568,10000000ee3a7e2b
569,10000000ee597133
570,10000000ee8665e0
571,10000000ee8ce2c6
572,10000000ee8f1c6b
573,10000000eed77a0e
574,10000000eef23bce
575,10000000ef094248
576,10000000ef9bc0fd
577,10000000f06fc360
578,10000000f12ad66f
579,10000000f1448638
580,10000000f18e2abd
581,10000000f1a78847
582,10000000f1d1514c
583,10000000f1e23ae1
584,10000000f2ac6d38
585,10000000f2d4bfd8
586,10000000f42888cf
587,10000000f4acebb0
588,10000000f4d25809
589,10000000f4dff427
590,10000000f509e6c1
591,10000000f5953614
592,10000000f598981d
593,10000000f6ae2102
594,10000000f706299e
595,10000000f706e477
596,10000000f7902718
597,10000000f851c4c8
598,10000000f8b5d791
599,10000000f931206e
600,10000000f935d89f
601,10000000fa9cea41
602,10000000facbddff
603,10000000fb71032a
604,10000000fb7d7015
605,10000000fbb78d91
606,10000000fc06fd2f
607,10000000fc1ae360
608,10000000fc4187e9
609,10000000fca8f185
610,10000000fd38fe8e
611,10000000fde0f580
612,10000000fe2d811e
613,10000000fe886e3b
614,10000000fe8e1692
615,10000000ff069363
616,10000000ffe1d19f
617,2AF94021E5D28E57
618,3A0D9E14C70BC84E
619,6H5cpqg8fvq7tyaZi7ilk
620,9L2X235LbEyEV00lYrvXt
621,AtxbxQmajVJDZWx4mGGuQ
622,B3C9F8428A73E43D
623,B5Ih0gfGm1mdyGh5MnKs1
624,BIauNiE0wEl9ws6ZyTidm
625,DZi6jZqTrbrR3SgM00PCt
626,E660C0D1C70E6C34
627,E660C0D1C75AC134
628,E660D05113086728
629,E660D051130B5932
630,E660D051130B6836
631,E660D051130D5528
632,E660D051130E5328
633,E660D051130F5432
634,E660D05113129336
635,E660D05113144B28
636,E660D05113146B32
637,E660D05113149A28
638,E660D05113153E2F
639,E660D05113179628
640,E660D05113188D32
641,E660D05113189A28
642,E660D05113197528
643,E660D05113199732
644,E660D051131A2929
645,E660D051131A4728
646,E660D051131B7832
647,E660D051131C6132
648,E660D051131E7232
649,E660D051131E8232
650,E660D051131E9328
651,E660D051131F3C2C
652,E660D05113205E29
653,E660D05113206C37
654,E660D05113208A32
655,E660D0511320A232
656,E660D0511321752E
657,E660D05113226132
658,E660D05113226936
659,E660D05113256B28
660,E660D05113279532
661,E660D0511327AE28
662,E660D05113288D36
663,E660D05113295029
664,E660D051132A6529
665,E660D051132B3428
666,E660D051132B4328
667,E660D051132C4629
668,E660D051132E5D29
669,E660D051132F6829
670,E660D05113305028
671,E660D05113305732
672,E660D05113314432
673,E660D0511331BA28
674,E660D05113325128
675,E660D05113335228
676,E660D05113335332
677,E660D05113338132
678,E660D05113339532
679,E660D05113343A32
680,E660D05113357032
681,E660D05113357F36
682,E660D05113362132
683,E660D05113371229
684,E660D05113371629
685,E660D05113382729
686,E660D05113385329
687,E660D05113395732
688,E660D05113397E36
689,E660D0511339B736
690,E660D051133AAC29
691,E660D051133B2C32
692,E660D051133B542A
693,E660D051133C5028
694,E660D051133D6B29
695,E660D051133DB928
696,E660D051133E2529
697,E660D051133E4529
698,E660D051133EB828
699,E660D05113417628
700,E660D0511341B928
701,E660D05113436136
702,E660D05113458F30
703,E660D05113462832
704,E660D05113477028
705,E660D0511347C436
706,E660D05113485329
707,E660D05113487329
708,E660D05113496032
709,E660D05113499428
710,E660D05113499A28
711,E660D051134A6C32
712,E660D051134A9036
713,E660D051134A9132
714,E660D051134C3828
715,E660D051134CA029
716,E660D051134E8128
717,E660D051134F2E29
718,E660D0511350BC28
719,E660D05113515B29
720,E660D05113519F31
721,E660D05113528A28
722,E660D05113529936
723,E660D05113530529
724,E660D0511353512A
725,E660D05113537C32
726,E660D0511354182F
727,E660D05113541B29
728,E660D0511354982A
729,E660D05113568136
730,E660D05113572529
731,E660D05113579928
732,E660D05113585429
733,E660D05113586836
734,E660D051135A1229
735,E660D051135A4E32
736,E660D051135B0D29
737,E660D051135B3228
738,E660D051135B3B28
739,E660D051135B8532
740,E660D051135C6E32
741,E660D051135C7B28
742,E660D051135C9828
743,E660D051135D8229
744,E660D051135D9236
745,E660D051135DA536
746,E660D051135E3729
747,E660D051135E5F28
748,E660D05113609E28
749,E660D0511362C636
750,E660D05113636928
751,E660D05113639D36
752,E660D05113643A32
753,E660D05113646336
754,E660D0511364B336
755,E660D05113657029
756,E660D0511368A732
757,E660D05113697532
758,E660D051136A5029
759,E660D051136C3232
760,E660D051136D1D29
761,E660D051136D8432
762,E660D051136E2232
763,E660D051136E4C29
764,E660D051136E5032
765,E660D051136F3E28
766,E660D051136FB437
767,E660D05113709036
768,E660D05113714F32
769,E660D05113717829
770,E660D05113728836
771,E660D05113734C29
772,E660D05113738C32
773,E660D05113747936
774,E660D05113767D28
775,E660D05113775228
776,E660D0511377A228
777,E660D0511378A136
778,E660D05113796237
779,E660D051137A7628
780,E660D051137BAC36
781,E660D051137C6836
782,E660D051137D4032
783,E660D051137D7229
784,E660D051137D7936
785,E660D051137F4728
786,E660D05113816829
787,E660D05113817B36
788,E660D05113829528
789,E660D0511382A432
790,E660D0511383862A
791,E660D05113843832
792,E660D05113847328
793,E660D0511386AA29
794,E660D05113876928
795,E660D05113876B32
796,E660D05113886628
797,E660D05113886A28
798,E660D05113889B32
799,E660D0511388AF28
800,E660D051138D5229
801,E660D051138D9536
802,E660D05113916329
803,E660D05113924428
804,E660D05113925D28
805,E660D05113928A36
806,E660D05113929C32
807,E660D05113949332
808,E660D05113955432
809,E660D05113957F36
810,E660D05113963D29
811,E660D05113973532
812,E660D05113985229
813,E660D05113998228
814,E660D051139B6229
815,E660D051139C7C32
816,E660D05113A04E2A
817,E660D05113A07E36
818,E6613852830A5932
819,E6613852830B5728
820,E6613852830C732D
821,E6613852830C7F2D
822,E6613852830D5932
823,E6613852830D6F2D
824,E6613852830E472C
825,E6613852830E5F28
826,E6613852830E6425
827,E6613852830E6B2D
828,E6613852830E6C32
829,E6613852830F4A25
830,E6613852830F5D28
831,E6613852830F6428
832,E6613852830F7628
833,E661385283103C28
834,E661385283104628
835,E661385283104B32
836,E661385283105232
837,E661385283106F32
838,E66138528310832C
839,E661385283113B28
840,E661385283113F28
841,E661385283116E28
842,E66138528311712C
843,E661385283118332
844,E661385283124A28
845,E661385283125935
846,E661385283126B32
847,E66138528312712D
848,E661385283127732
849,E661385283133431
850,E661385283134132
851,E661385283135032
852,E66138528313692C
853,E661385283136935
854,E66138528313702C
855,E661385283137D32
856,E66138528313812D
857,E66138528313832B
858,E661385283145C32
859,E661385283146328
860,E661385283146F28
861,E66138528314862C
862,E661385283148C2D
863,E661385283149C33
864,E661385283155732
865,E661385283155832
866,E661385283155A2C
867,E661385283156032
868,E66138528315702B
869,E661385283157032
870,E66138528315712B
871,E661385283157628
872,E66138528315782C
873,E66138528315932B
874,E66138528315932D
875,E661385283165832
876,E661385283165F32
877,E66138528316832B
878,E66138528316872D
879,E661385283173435
880,E661385283174728
881,E661385283175028
882,E661385283177F32
883,E661385283178335
884,E66138528317922B
885,E661385283183232
886,E661385283184832
887,E661385283185625
888,E661385283186128
889,E661385283186535
890,E661385283186628
891,E661385283186D32
892,E661385283193032
893,E661385283193728
894,E661385283194328
895,E66138528319492C
896,E661385283195E28
897,E66138528319982D
898,E66138528319A033
899,E6613852831A3531
900,E6613852831A3532
901,E6613852831A4728
902,E6613852831A4928
903,E6613852831A5732
904,E6613852831A5E28
905,E6613852831A6025
906,E6613852831B5228
907,E6613852831B5232
908,E6613852831B5528
909,E6613852831B5D32
910,E6613852831B7828
911,E6613852831B922D
912,E6613852831BA92C
913,E6613852831C3828
914,E6613852831C4228
915,E6613852831C4628
916,E6613852831C5132
917,E6613852831C5832
918,E6613852831C5935
919,E6613852831C6528
920,E6613852831C762B
921,E6613852831C7728
922,E6613852831C9D2B
923,E6613852831D2628
924,E6613852831D2F32
925,E6613852831D3C31
926,E6613852831D6D28
927,E6613852831D7028
928,E6613852831D7A2B
929,E6613852831D812B
930,E6613852831D8232
931,E6613852831D8932
932,E6613852831D9F2D
933,E6613852831D9F35
934,E6613852831E2832
935,E6613852831E3732
936,E6613852831E3F2C
937,E6613852831E4B28
938,E6613852831E5D32
939,E6613852831E672D
940,E6613852831E6828
941,E6613852831E6A32
942,E6613852831EA035
943,E6613852831F4135
944,E6613852831F5732
945,E6613852831F5B2C
946,E6613852831F5B32
947,E6613852831F5F2C
948,E6613852831F7B2D
949,E6613852831F812B
950,E6613852831F962B
951,E6613852831FA632
952,E661385283202635
953,E661385283204428
954,E661385283204D32
955,E661385283205332
956,E661385283205935
957,E661385283206232
958,E661385283207932
959,E66138528320912D
960,E661385283209C35
961,E66138528320A135
962,E66138528320AB2B
963,E661385283213525
964,E661385283216E28
965,E661385283217B32
966,E66138528321862B
967,E66138528321892C
968,E66138528321A22B
969,E661385283223831
970,E661385283223A31
971,E66138528322422C
972,E661385283226032
973,E661385283226D28
974,E661385283226D2C
975,E66138528322A232
976,E66138528322A72D
977,E661385283232828
978,E661385283234732
979,E661385283234A28
980,E661385283237132
981,E66138528323892C
982,E661385283239E2D
983,E661385283239E35
984,E66138528323A62D
985,E661385283241F35
986,E661385283243125
987,E661385283243F32
988,E661385283244028
989,E661385283244032
990,E661385283244332
991,E661385283245E32
992,E66138528324AB2D
993,E661385283253F28
994,E661385283256028
995,E661385283256C28
996,E66138528325792B
997,E66138528325872B
998,E661385283259735
999,E661385283259F2D
1000,E66138528325AF35
1001,E661385283261E32
1002,E661385283265428
1003,E661385283265D25
1004,E66138528326662B
1005,E661385283268F35
1006,E661385283273632
1007,E66138528327672D
1008,E661385283277628
1009,E661385283277D32
1010,E66138528327862C
1011,E661385283281E31
1012,E661385283283232
1013,E661385283283732
1014,E661385283284E32
1015,E661385283285A25
1016,E66138528328672B
1017,E66138528328872B
1018,E66138528328B12D
1019,E661385283293932
1020,E661385283293D32
1021,E661385283295232
1022,E661385283296428
1023,E66138528329782C
1024,E661385283298C2B
1025,E66138528329972C
1026,E661385283299B35
1027,E66138528329A332
1028,E66138528329AF2D
1029,E6613852832A1825
1030,E6613852832A1F32
1031,E6613852832A2135
1032,E6613852832A3C28
1033,E6613852832A4132
1034,E6613852832A662D
1035,E6613852832A732C
1036,E6613852832A9B2D
1037,E6613852832AA135
1038,E6613852832AA72B
1039,E6613852832B9D33
1040,E6613852832BA033
1041,E6613852832C5A25
1042,E6613852832C5F32
1043,E6613852832C7728
1044,E6613852832C8D2B
1045,E6613852832CA52B
1046,E6613852832D4532
1047,E6613852832D4B32
1048,E6613852832D5F32
1049,E6613852832D6428
1050,E6613852832D7528
1051,E6613852832D992B
1052,E6613852832D9D35
1053,E6613852832DAC2C
1054,E6613852832E1E2C
1055,E6613852832E2732
1056,E6613852832E2D32
1057,E6613852832E2E25
1058,E6613852832E2F28
1059,E6613852832E3732
1060,E6613852832E3B28
1061,E6613852832E5028
1062,E6613852832E522C
1063,E6613852832E5928
1064,E6613852832EA02B
1065,E6613852832EAD2D
1066,E6613852832F2725
1067,E6613852832F4F28
1068,E6613852832FA42D
1069,E6613852832FAA2D
1070,E6613852832FBA33
1071,E661385283302332
1072,E661385283304528
1073,E661385283305128
1074,E661385283305632
1075,E661385283306625
1076,E661385283306D32
1077,E661385283307032
1078,E661385283307428
1079,E661385283308D2D
1080,E661385283309E2B
1081,E66138528330A62D
1082,E661385283311E28
1083,E661385283313032
1084,E661385283313A28
1085,E661385283315D28
1086,E661385283316D32
1087,E661385283317328
1088,E661385283317932
1089,E66138528331932B
1090,E66138528331942B
1091,E66138528331B12D
1092,E66138528331BB33
1093,E661385283321628
1094,E661385283322132
1095,E661385283322D32
1096,E661385283323132
1097,E661385283323B28
1098,E661385283325E28
1099,E661385283326732
1100,E661385283326C28
1101,E661385283326F32
1102,E661385283327D2B
1103,E66138528332872D
1104,E66138528332A92D
1105,E66138528332B02B
1106,E66138528333212C
1107,E661385283332E32
1108,E661385283333D32
1109,E661385283334532
1110,E661385283334C32
1111,E661385283335832
1112,E661385283335F32
1113,E661385283337132
1114,E66138528333B32D
1115,E66138528334202C
1116,E66138528334372C
1117,E66138528334572C
1118,E661385283345932
1119,E661385283346735
1120,E661385283346B28
1121,E661385283346F2C
1122,E661385283347832
1123,E66138528334882B
1124,E661385283349D2B
1125,E66138528334A12D
1126,E66138528334A22D
1127,E66138528334B72C
1128,E661385283351C28
1129,E66138528335452C
1130,E661385283354C32
1131,E661385283355232
1132,E661385283357028
1133,E661385283357132
1134,E661385283357B2D
1135,E661385283358332
1136,E661385283358C2B
1137,E661385283358D28
1138,E66138528335B132
1139,E66138528335B52D
1140,E661385283362732
1141,E66138528336292C
1142,E661385283362B28
1143,E661385283363B25
1144,E661385283364325
1145,E661385283364E32
1146,E661385283365328
1147,E661385283367628
1148,E661385283367D35
1149,E66138528336A52B
1150,E661385283371832
1151,E661385283372A32
1152,E661385283373828
1153,E661385283375532
1154,E661385283375C32
1155,E661385283375E32
1156,E66138528337632B
1157,E661385283376C2D
1158,E66138528337A035
1159,E66138528337B22B
1160,E66138528337BD2D
1161,E66138528337BE35
1162,E661385283381425
1163,E661385283382D25
1164,E661385283382D32
1165,E661385283383032
1166,E661385283383A28
1167,E661385283384328
1168,E661385283389E2B
1169,E661385283389F35
1170,E66138528338A12D
1171,E66138528338A335
1172,E66138528338A42D
1173,E66138528338A932
1174,E66138528338B435
1175,E661385283391025
1176,E661385283391232
1177,E661385283395225
1178,E661385283396132
1179,E661385283396325
1180,E661385283397228
1181,E661385283397632
1182,E661385283397732
1183,E66138528339812D
1184,E661385283399C35
1185,E66138528339A035
1186,E66138528339A32D
1187,E66138528339AC2C
1188,E6613852833A132C
1189,E6613852833A2932
1190,E6613852833A4332
1191,E6613852833A5B25
1192,E6613852833A6728
1193,E6613852833A6A28
1194,E6613852833A712B
1195,E6613852833A7C32
1196,E6613852833B1B35
1197,E6613852833B9E2B
1198,E6613852833BA42D
1199,E6613852833BB72D
1200,E6613852833C132C
1201,E6613852833C2A2C
1202,E6613852833C4732
1203,E6613852833C5B32
1204,E6613852833C6A28
1205,E6613852833C7828
1206,E6613852833C9F33
1207,E6613852833CA82D
1208,E6613852833CB533
1209,E6613852833CBB2D
1210,E6613852833D1428
1211,E6613852833D2228
1212,E6613852833D2231
1213,E6613852833D2632
1214,E6613852833D2D32
1215,E6613852833D3628
1216,E6613852833D4C25
1217,E6613852833D5A28
1218,E6613852833D6632
1219,E6613852833D6932
1220,E6613852833D7035
1221,E6613852833D7532
1222,E6613852833DA32D
1223,E6613852833DAD2D
1224,E6613852833E1128
1225,E6613852833E172C
1226,E6613852833E242C
1227,E6613852833E4325
1228,E6613852833E9A35
1229,E6613852833E9D35
1230,E6613852833EA22B
1231,E6613852833EBE2D
1232,E6613852833EC035
1233,E6613852833F4A28
1234,E6613852833F6E2C
1235,E6613852833FA135
1236,E661385283400C28
1237,E661385283401E2C
1238,E661385283403032
1239,E661385283403925
1240,E661385283405228
1241,E661385283405332
1242,E661385283406528
1243,E661385283406F28
1244,E661385283408532
1245,E66138528340BB2D
1246,E661385283410F32
1247,E661385283412131
1248,E661385283415528
1249,E661385283415728
1250,E66138528341952B
1251,E661385283419B2D
1252,E66138528341A92D
1253,E66138528341B12D
1254,E66138528341B92D
1255,E661385283421A2C
1256,E661385283421F2C
1257,E661385283422C32
1258,E661385283426232
1259,E661385283426328
1260,E661385283426832
1261,E661385283427228
1262,E661385283427532
1263,E661385283429132
1264,E66138528342A22D
1265,E66138528342A835
1266,E66138528342BB35
1267,E661385283431C2C
1268,E661385283432525
1269,E661385283432A32
1270,E661385283435C25
1271,E661385283436032
1272,E661385283436832
1273,E66138528343722C
1274,E66138528343892D
1275,E661385283438B35
1276,E661385283439035
1277,E66138528343962D
1278,E661385283439C32
1279,E66138528343AC2D
1280,E66138528343B535
1281,E661385283443628
1282,E661385283443A32
1283,E661385283443D32
1284,E661385283444832
1285,E661385283445328
1286,E66138528344642D
1287,E66138528344772B
1288,E661385283449E2D
1289,E661385283449F2D
1290,E66138528344A82D
1291,E66138528344B02C
1292,E66138528344BA35
1293,E661385283450D32
1294,E661385283451F32
1295,E66138528345272C
1296,E661385283453332
1297,E661385283453532
1298,E66138528345582C
1299,E661385283455E28
1300,E66138528345602C
1301,E661385283457432
1302,E66138528345A02D
1303,E66138528345C135
1304,E661385283460E32
1305,E661385283461932
1306,E661385283461B25
1307,E661385283461B2C
1308,E661385283462A2C
1309,E661385283463532
1310,E661385283463628
1311,E661385283463B32
1312,E661385283464332
1313,E66138528346472C
1314,E661385283464A32
1315,E661385283465032
1316,E66138528346672D
1317,E661385283466C32
1318,E66138528346712B
1319,E66138528346902B
1320,E66138528346A42D
1321,E66138528346A62B
1322,E66138528346B32D
1323,E66138528346C12D
1324,E661385283470828
1325,E661385283471932
1326,E661385283471B28
1327,E661385283473428
1328,E661385283474328
1329,E661385283474832
1330,E661385283474A32
1331,E661385283476028
1332,E661385283476235
1333,E661385283477032
1334,E66138528347832C
1335,E66138528347952B
1336,E661385283479C35
1337,E66138528347B02D
1338,E66138528347C533
1339,E66138528348212C
1340,E66138528348282C
1341,E661385283482D32
1342,E661385283484728
1343,E661385283484928
1344,E661385283484F28
1345,E66138528348552C
1346,E661385283486C32
1347,E66138528348732D
1348,E66138528348782D
1349,E661385283488B2D
1350,E661385283489A2C
1351,E66138528348A42D
1352,E66138528348B233
1353,E66138528349152C
1354,E661385283492432
1355,E661385283492C32
1356,E661385283493725
1357,E661385283493832
1358,E661385283493A28
1359,E661385283494632
1360,E661385283495428
1361,E661385283496632
1362,E661385283497432
1363,E66138528349892D
1364,E661385283499C2B
1365,E66138528349A732
1366,E66138528349AB2D
1367,E66138528349AF35
1368,E66138528349B12C
1369,E6613852834A1F31
1370,E6613852834A2428
1371,E6613852834A2F28
1372,E6613852834A3932
1373,E6613852834A582C
1374,E6613852834A6432
1375,E6613852834A682B
1376,E6613852834A6C2B
1377,E6613852834A7632
1378,E6613852834A852B
1379,E6613852834A862B
1380,E6613852834A9C2D
1381,E6613852834AAD32
1382,E6613852834B0831
1383,E6613852834B2532
1384,E6613852834B2C28
1385,E6613852834B3032
1386,E6613852834B482C
1387,E6613852834B702D
1388,E6613852834B7528
1389,E6613852834B7B2C
1390,E6613852834C062C
1391,E6613852834C0C2C
1392,E6613852834C1832
1393,E6613852834C2731
1394,E6613852834C282C
1395,E6613852834C4B28
1396,E6613852834C5132
1397,E6613852834C5528
1398,E6613852834C9D2D
1399,E6613852834C9E35
1400,E6613852834CB335
1401,E6613852834CBA2D
1402,E6613852834CC12D
1403,E6613852834D152C
1404,E6613852834D4D32
1405,E6613852834D5128
1406,E6613852834D542C
1407,E6613852834D572C
1408,E6613852834D6F32
1409,E6613852834DA22D
1410,E6613852834DBB35
1411,E6613852834E0A32
1412,E6613852834E1032
1413,E6613852834E1232
1414,E6613852834E4232
1415,E6613852834E4528
1416,E6613852834E4B32
1417,E6613852834E5725
1418,E6613852834E7B2D
1419,E6613852834EBC2D
1420,E6613852834F0828
1421,E6613852834F2232
1422,E6613852834F2D32
1423,E6613852834F3532
1424,E6613852834F3628
1425,E6613852834F3632
1426,E6613852834F732B
1427,E6613852834F782B
1428,E6613852834F7C2B
1429,E6613852834F862D
1430,E6613852834F8F2D
1431,E6613852834FAB2D
1432,E6613852834FB935
1433,E661385283502631
1434,E661385283503128
1435,E66138528350442C
1436,E661385283505025
1437,E661385283505732
1438,E661385283507232
1439,E661385283507932
1440,E66138528350B135
1441,E661385283510932
1442,E661385283511332
1443,E661385283511832
1444,E661385283511925
1445,E661385283512A25
1446,E661385283513132
1447,E661385283516332
1448,E661385283517C2C
1449,E661385283518C2D
1450,E661385283519135
1451,E66138528351952B
1452,E661385283520628
1453,E66138528352252C
1454,E661385283522C32
1455,E661385283524F32
1456,E661385283525932
1457,E661385283525C32
1458,E661385283526232
1459,E661385283526832
1460,E661385283527032
1461,E661385283527732
1462,E66138528352892B
1463,E661385283529C2D
1464,E66138528352A12D
1465,E66138528352AC33
1466,E66138528352B832
1467,E66138528352BD2B
1468,E661385283532328
1469,E661385283532432
1470,E661385283532A28
1471,E661385283534328
1472,E661385283535432
1473,E661385283535B35
1474,E661385283535C28
1475,E661385283536528
1476,E66138528353742D
1477,E661385283537B32
1478,E661385283537E32
1479,E66138528353902B
1480,E66138528353932D
1481,E66138528353992C
1482,E661385283539C35
1483,E66138528353B02C
1484,E66138528353B92B
1485,E661385283540732
1486,E661385283540E28
1487,E661385283541132
1488,E661385283544228
1489,E661385283546832
1490,E661385283547232
1491,E66138528354912B
1492,E661385283550728
1493,E661385283551432
1494,E661385283552028
1495,E661385283553532
1496,E661385283554028
1497,E661385283554828
1498,E66138528355542C
1499,E661385283555A32
1500,E661385283556632
1501,E66138528355672C
1502,E661385283556A2D
1503,E661385283556F2D
1504,E661385283557732
1505,E661385283558132
1506,E661385283558B2B
1507,E66138528355A333
1508,E66138528355B92D
1509,E66138528355BB35
1510,E66138528355BD35
1511,E66138528355BF2D
1512,E66138528355C32D
1513,E661385283560832
1514,E66138528356112C
1515,E66138528356412C
1516,E661385283564632
1517,E661385283565E28
1518,E661385283568932
1519,E66138528356952B
1520,E66138528356B82B
1521,E66138528356BA2D
1522,E661385283571128
1523,E661385283571732
1524,E66138528357272C
1525,E661385283573F2C
1526,E661385283575032
1527,E661385283575328
1528,E661385283576B28
1529,E661385283577A2C
1530,E661385283579233
1531,E66138528357BE35
1532,E66138528357BF35
1533,E66138528357C535
1534,E661385283580628
1535,E661385283581032
1536,E661385283581A32
1537,E661385283581C32
1538,E661385283582932
1539,E661385283583132
1540,E661385283583A32
1541,E661385283583D25
1542,E66138528358632C
1543,E661385283586532
1544,E661385283586632
1545,E66138528358802D
1546,E66138528358BA2D
1547,E661385283591132
1548,E661385283591A28
1549,E661385283592628
1550,E661385283596425
1551,E66138528359652C
1552,E661385283596632
1553,E66138528359682D
1554,E661385283597132
1555,E66138528359782B
1556,E661385283598C2B
1557,E661385283598C32
1558,E661385283599435
1559,E66138528359A12B
1560,E66138528359A135
1561,E66138528359B32C
1562,E6613852835A0B28
1563,E6613852835A1032
1564,E6613852835A1C2C
1565,E6613852835A2B32
1566,E6613852835A3432
1567,E6613852835A4528
1568,E6613852835A4B28
1569,E6613852835A662C
1570,E6613852835A7232
1571,E6613852835A9A2D
1572,E6613852835B1C2C
1573,E6613852835B2B32
1574,E6613852835B5428
1575,E6613852835B6828
1576,E6613852835B6E28
1577,E6613852835B772D
1578,E6613852835B8C2D
1579,E6613852835B9232
1580,E6613852835B9233
1581,E6613852835BB335
1582,E6613852835BB535
1583,E6613852835C1228
1584,E6613852835C1E28
1585,E6613852835C2232
1586,E6613852835C2328
1587,E6613852835C3032
1588,E6613852835C3E28
1589,E6613852835C4435
1590,E6613852835C4832
1591,E6613852835C4D28
1592,E6613852835C672B
1593,E6613852835C6B2C
1594,E6613852835C6F32
1595,E6613852835C792C
1596,E6613852835CA02B
1597,E6613852835D0D28
1598,E6613852835D1132
1599,E6613852835D1925
1600,E6613852835D1F28
1601,E6613852835D2228
1602,E6613852835D3B32
1603,E6613852835D5132
1604,E6613852835D5535
1605,E6613852835D5732
1606,E6613852835D5832
1607,E6613852835D6B2B
1608,E6613852835D7632
1609,E6613852835D9133
1610,E6613852835DA235
1611,E6613852835DA52D
1612,E6613852835DC02D
1613,E6613852835DC235
1614,E6613852835E1132
1615,E6613852835E1D32
1616,E6613852835E5932
1617,E6613852835E6335
1618,E6613852835E882B
1619,E6613852835E8C32
1620,E6613852835E9F35
1621,E6613852835EA72C
1622,E6613852835EC335
1623,E6613852835F2032
1624,E6613852835F4028
1625,E6613852835F432C
1626,E6613852835F6A32
1627,E6613852835F7932
1628,E6613852835F9832
1629,E6613852835F9B2B
1630,E6613852835F9F2D
1631,E6613852835FBF2D
1632,E661385283600D25
1633,E661385283600E2C
1634,E661385283601131
1635,E661385283604B32
1636,E661385283605128
1637,E661385283605728
1638,E661385283608735
1639,E66138528360962C
1640,E66138528360A12D
1641,E66138528360B12D
1642,E66138528360BA2C
1643,E66138528360BE35
1644,E661385283612435
1645,E661385283612932
1646,E661385283613328
1647,E661385283613C28
1648,E661385283615E28
1649,E661385283616832
1650,E661385283616B28
1651,E661385283619635
1652,E661385283619B2B
1653,E661385283619B2D
1654,E66138528361A22C
1655,E66138528361A82C
1656,E66138528361B52D
1657,E661385283620932
1658,E66138528362392C
1659,E661385283627732
1660,E66138528362852B
1661,E66138528362A633
1662,E66138528362B12D
1663,E66138528362BF2D
1664,E661385283630928
1665,E661385283630F32
1666,E66138528363112C
1667,E661385283632828
1668,E66138528363312C
1669,E661385283634C32
1670,E66138528363982B
1671,E661385283639F35
1672,E66138528363AC32
1673,E66138528363B632
1674,E661385283640A32
1675,E661385283641131
1676,E661385283643532
1677,E661385283644A32
1678,E661385283644B28
1679,E661385283645C32
1680,E661385283646228
1681,E661385283646232
1682,E66138528364642B
1683,E661385283646C2D
1684,E661385283646E28
1685,E661385283647028
1686,E661385283647332
1687,E66138528364752C
1688,E66138528364BD35
1689,E66138528364C02D
1690,E661385283650A32
1691,E661385283651225
1692,E661385283652332
1693,E661385283652832
1694,E661385283655E28
1695,E661385283656628
1696,E661385283656932
1697,E661385283657328
1698,E661385283657632
1699,E66138528365812D
1700,E66138528365AF2C
1701,E66138528365AF35
1702,E66138528365B832
1703,E66138528365BA2D
1704,E661385283661031
1705,E661385283661328
1706,E661385283661E32
1707,E661385283662632
1708,E661385283662B35
1709,E661385283665028
1710,E661385283665528
1711,E661385283667C32
1712,E66138528366872B
1713,E661385283669132
1714,E661385283669133
1715,E66138528366C033
1716,E661385283670A32
1717,E661385283670E25
1718,E661385283670F35
1719,E661385283674132
1720,E661385283674C28
1721,E661385283675132
1722,E661385283675D28
1723,E661385283676328
1724,E66138528367692C
1725,E66138528367AE32
1726,E66138528367B032
1727,E661385283681E35
1728,E661385283682A28
1729,E661385283683C32
1730,E66138528368542C
1731,E661385283686125
1732,E661385283686232
1733,E661385283686A32
1734,E66138528368772B
1735,E66138528368A82D
1736,E66138528368AE2B
1737,E66138528368B22B
1738,E66138528368B933
1739,E661385283691232
1740,E661385283691D32
1741,E661385283692128
1742,E661385283692532
1743,E661385283692732
1744,E661385283695932
1745,E66138528369632B
1746,E661385283696528
1747,E66138528369742C
1748,E661385283697B2B
1749,E66138528369952C
1750,E66138528369952D
1751,E66138528369A32D
1752,E66138528369B835
1753,E6613852836A1332
1754,E6613852836A3F32
1755,E6613852836A4128
1756,E6613852836A6E2B
1757,E6613852836AA42D
1758,E6613852836ABD2D
1759,E6613852836B202C
1760,E6613852836B5025
1761,E6613852836B5132
1762,E6613852836B5F32
1763,E6613852836B6532
1764,E6613852836B6D28
1765,E6613852836B7A2D
1766,E6613852836B962B
1767,E6613852836BA033
1768,E6613852836BA22D
1769,E6613852836BB42D
1770,E6613852836BBA35
1771,E6613852836C122C
1772,E6613852836C1D32
1773,E6613852836C3331
1774,E6613852836C4332
1775,E6613852836C5F32
1776,E6613852836C6525
1777,E6613852836C6C25
1778,E6613852836C6D28
1779,E6613852836C9133
1780,E6613852836CA52D
1781,E6613852836CAE33
1782,E6613852836CAF2D
1783,E6613852836D1732
1784,E6613852836D2B32
1785,E6613852836D342C
1786,E6613852836D3A28
1787,E6613852836D6A2D
1788,E6613852836D7F32
1789,E6613852836DA832
1790,E6613852836DB52D
1791,E6613852836DBD2D
1792,E6613852836E1928
1793,E6613852836E2632
1794,E6613852836E2A32
1795,E6613852836E2B28
1796,E6613852836E4532
1797,E6613852836E4E28
1798,E6613852836E612B
1799,E6613852836E832B
1800,E6613852836EB42B
1801,E6613852836F4B25
1802,E6613852836F5932
1803,E6613852836F862D
1804,E6613852836F972D
1805,E66138528370192C
1806,E661385283702628
1807,E661385283703232
1808,E661385283704628
1809,E661385283705928
1810,E661385283705C32
1811,E661385283706228
1812,E661385283706E28
1813,E661385283707132
1814,E661385283707528
1815,E66138528370802C
1816,E66138528370962D
1817,E66138528370992B
1818,E661385283709D2D
1819,E66138528370AD2D
1820,E66138528370AF35
1821,E66138528370B92D
1822,E661385283712628
1823,E661385283713428
1824,E661385283713E32
1825,E661385283714B25
1826,E661385283715B32
1827,E66138528371762D
1828,E66138528371BB35
1829,E66138528371BD2D
1830,E66138528371BF33
1831,E66138528372442C
1832,E66138528372532C
1833,E661385283725525
1834,E66138528372552C
1835,E661385283725D2C
1836,E661385283725E32
1837,E661385283726032
1838,E66138528372732B
1839,E661385283727A2C
1840,E661385283728D2C
1841,E661385283729B2B
1842,E66138528372BB2D
1843,E66138528372BB2D_qlvn0IM2c9cFGmEzovzJw_3_rgb
1844,E661385283731228
1845,E661385283731232
1846,E661385283732B32
1847,E661385283733B32
1848,E661385283735225
1849,E66138528373552C
1850,E661385283735C25
1851,E661385283737132
1852,E661385283737232
1853,E661385283737A32
1854,E66138528373802D
1855,E66138528373852B
1856,E66138528373982B
1857,E66138528373B72D
1858,E661385283742325
1859,E661385283742328
1860,E661385283742B32
1861,E661385283747032
1862,E66138528374A635
1863,E661385283752431
1864,E661385283752828
1865,E661385283754B28
1866,E661385283757D32
1867,E661385283758A2B
1868,E66138528375902B
1869,E661385283759D35
1870,E661385283764528
1871,E661385283764732
1872,E66138528376482C
1873,E661385283764C32
1874,E661385283764E25
1875,E661385283765732
1876,E661385283767632
1877,E661385283767D2C
1878,E661385283769032
1879,E66138528376B935
1880,E661385283771D2C
1881,E661385283771E32
1882,E661385283773732
1883,E661385283773E28
1884,E661385283774025
1885,E66138528377412C
1886,E661385283775A28
1887,E661385283776628
1888,E661385283776932
1889,E661385283776B2B
1890,E661385283776E2D
1891,E66138528377752B
1892,E66138528377972B
1893,E66138528377A82D
1894,E66138528377B12D
1895,E661385283781C32
1896,E661385283781D28
1897,E661385283783931
1898,E661385283784428
1899,E661385283784A2C
1900,E661385283785432
1901,E661385283785F32
1902,E66138528378B32B
1903,E661385283792C2C
1904,E661385283795235
1905,E66138528379712B
1906,E661385283797232
1907,E661385283797C2D
1908,E66138528379912D
1909,E66138528379A035
1910,E66138528379A42C
1911,E66138528379B835
1912,E6613852837A1431
1913,E6613852837A1732
1914,E6613852837A2325
1915,E6613852837A2832
1916,E6613852837A3132
1917,E6613852837A3F32
1918,E6613852837A432C
1919,E6613852837A5F28
1920,E6613852837A6632
1921,E6613852837A6D25
1922,E6613852837A7228
1923,E6613852837A9E35
1924,E6613852837AAC35
1925,E6613852837B2932
1926,E6613852837B312C
1927,E6613852837B3428
1928,E6613852837B4631
1929,E6613852837B5228
1930,E6613852837B6C25
1931,E6613852837B7D2C
1932,E6613852837B882B
1933,E6613852837B952C
1934,E6613852837BA72B
1935,E6613852837BAD35
1936,E6613852837BB62D
1937,E6613852837C232C
1938,E6613852837C5528
1939,E6613852837C782D
1940,E6613852837C7F2D
1941,E6613852837CA82D
1942,E6613852837CAB2D
1943,E6613852837CAC35
1944,E6613852837D2B28
1945,E6613852837D4028
1946,E6613852837D6428
1947,E6613852837D6C2B
1948,E6613852837D7D2C
1949,E6613852837D7E32
1950,E6613852837D992C
1951,E6613852837DA935
1952,E6613852837DB035
1953,E6613852837E1A32
1954,E6613852837E2D25
1955,E6613852837E3731
1956,E6613852837E3D31
1957,E6613852837E4231
1958,E6613852837E4432
1959,E6613852837E6125
1960,E6613852837E8732
1961,E6613852837E972D
1962,E6613852837EAC2D
1963,E6613852837EAD35
1964,E6613852837F1F28
1965,E6613852837F2D32
1966,E6613852837F3531
1967,E6613852837F4728
1968,E6613852837F4928
1969,E6613852837F6732
1970,E6613852837F722C
1971,E6613852837F7532
1972,E6613852837F9C2B
1973,E6613852837F9F32
1974,E6613852837FAF2C
1975,E6613852837FB135
1976,E661385283801D32
1977,E661385283802A25
1978,E661385283803828
1979,E661385283803E32
1980,E66138528380552C
1981,E661385283806528
1982,E661385283806632
1983,E661385283806B32
1984,E661385283807628
1985,E661385283808E2B
1986,E66138528380902C
1987,E661385283811B32
1988,E661385283812331
1989,E661385283812D32
1990,E661385283813132
1991,E661385283813428
1992,E66138528381492C
1993,E661385283814932
1994,E661385283814B28
1995,E661385283814C32
1996,E661385283815925
1997,E661385283816F2C
1998,E66138528381722C
1999,E66138528381742D
2000,E661385283817A32
2001,E66138528381A035
2002,E66138528381AC2D
2003,E661385283822425
2004,E661385283823232
2005,E661385283823B35
2006,E661385283823D2C
2007,E661385283824328
2008,E661385283825728
2009,E661385283826C2D
2010,E661385283827428
2011,E661385283828A2D
2012,E661385283828C2B
2013,E661385283829235
2014,E661385283829B2D
2015,E661385283829F2D
2016,E66138528382A92C
2017,E66138528382AD2D
2018,E66138528383632B
2019,E66138528383652B
2020,E661385283837432
2021,E66138528384392C
2022,E661385283844E32
2023,E661385283845A2C
2024,E661385283845E32
2025,E661385283845E35
2026,E661385283846232
2027,E661385283847932
2028,E661385283848132
2029,E661385283848A2B
2030,E66138528384A22B
2031,E66138528384A22D
2032,E66138528384AE2D
2033,E66138528384AE35
2034,E661385283851F32
2035,E661385283852032
2036,E661385283852532
2037,E661385283852732
2038,E661385283852828
2039,E661385283852E32
2040,E661385283854332
2041,E661385283855732
2042,E66138528385792D
2043,E661385283857B2B
2044,E66138528385832D
2045,E661385283859A2D
2046,E661385283863A32
2047,E661385283865632
2048,E661385283866C2B
2049,E66138528386A92D
2050,E66138528386AC2D
2051,E661385283873232
2052,E66138528387512C
2053,E661385283875332
2054,E661385283875E32
2055,E661385283877128
2056,E661385283879C33
2057,E661385283879E35
2058,E66138528387A12B
2059,E66138528387A22D
2060,E66138528387A92D
2061,E66138528387AB32
2062,E661385283882A35
2063,E661385283882F25
2064,E661385283883B2C
2065,E661385283885632
2066,E661385283886132
2067,E66138528388642D
2068,E661385283887228
2069,E661385283887432
2070,E661385283889035
2071,E661385283889B2D
2072,E661385283889D2D
2073,E661385283892332
2074,E66138528389252C
2075,E661385283892828
2076,E661385283894D28
2077,E661385283895F25
2078,E661385283899D2D
2079,E66138528389A32B
2080,E6613852838A312C
2081,E6613852838A4232
2082,E6613852838A4332
2083,E6613852838A5E35
2084,E6613852838A722D
2085,E6613852838A7B32
2086,E6613852838A812D
2087,E6613852838A892D
2088,E6613852838A9C35
2089,E6613852838AA82D
2090,E6613852838B352C
2091,E6613852838B3832
2092,E6613852838B6A32
2093,E6613852838B7432
2094,E6613852838B7732
2095,E6613852838B7A2B
2096,E6613852838B8332
2097,E6613852838B932D
2098,E6613852838C392C
2099,E6613852838C4F35
2100,E6613852838C6032
2101,E6613852838C6D2B
2102,E6613852838C6E28
2103,E6613852838C7A2C
2104,E6613852838C9033
2105,E6613852838C942C
2106,E6613852838D4F2C
2107,E6613852838D6D32
2108,E6613852838D812D
2109,E6613852838E3332
2110,E6613852838E3432
2111,E6613852838E3E2C
2112,E6613852838E5132
2113,E6613852838E832C
2114,E6613852838E9D2B
2115,E6613852838F3228
2116,E6613852838F3E28
2117,E6613852838F4532
2118,E6613852838F5F32
2119,E6613852838F6035
2120,E6613852838F7D32
2121,E661385283903132
2122,E661385283904528
2123,E661385283904732
2124,E661385283905832
2125,E661385283905F28
2126,E661385283906B32
2127,E661385283906C2C
2128,E661385283906D2D
2129,E66138528390702B
2130,E661385283907232
2131,E661385283908632
2132,E66138528390872B
2133,E661385283913F28
2134,E66138528391562C
2135,E66138528391592C
2136,E661385283916228
2137,E661385283916632
2138,E661385283922F25
2139,E661385283923E32
2140,E661385283924C28
2141,E661385283925628
2142,E66138528392642C
2143,E661385283926E32
2144,E661385283933825
2145,E661385283935328
2146,E66138528393952C
2147,E661385283939B2B
2148,E661385283939B2D
2149,E661385283939D35
2150,E661385283944028
2151,E661385283945628
2152,E661385283947532
2153,E661385283948032
2154,E66138528394832B
2155,E66138528395392C
2156,E661385283953F31
2157,E66138528395702D
2158,E66138528395792C
2159,E661385283959B2C
2160,E661385283964E2C
2161,E661385283965528
2162,E661385283965A32
2163,E661385283965D32
2164,E661385283967B32
2165,E661385283968D2D
2166,E661385283975F28
2167,E66138528397962C
2168,E661385283984035
2169,E661385283986332
2170,E661385283986632
2171,E661385283989235
2172,E661385283989335
2173,E661385283994332
2174,E661385283996432
2175,E661385283996C32
2176,E661385283996E2C
2177,E66138528399702B
2178,E661385283997628
2179,E66138528399842D
2180,E661385283998C35
2181,E6613852839A3B32
2182,E6613852839A5428
2183,E6613852839A6328
2184,E6613852839A642C
2185,E6613852839A6632
2186,E6613852839A7728
2187,E6613852839A7832
2188,E6613852839B4B32
2189,E6613852839B5128
2190,E6613852839B642B
2191,E6613852839B7332
2192,E6613852839B7428
2193,E6613852839C4B35
2194,E6613852839C4D2C
2195,E6613852839C5328
2196,E6613852839C732D
2197,E6613852839C762D
2198,E6613852839C892C
2199,E6613852839D4D2C
2200,E6613852839D6228
2201,E6613852839D6635
2202,E6613852839D6828
2203,E6613852839D6B2D
2204,E6613852839D6F28
2205,E6613852839E4D28
2206,E6613852839E5C32
2207,E6613852839E6A25
2208,E6613852839E7F32
2209,E6613852839E842C
2210,E6613852839F7428
2211,E6616407E30B7721
2212,E6616407E30C5821
2213,E6616407E3106021
2214,E6616407E3114921
2215,E6616407E3157221
2216,E6616407E3179322
2217,E6616407E31B5A22
2218,E6616407E31B6F2F
2219,E6616407E31E4E21
2220,E6616407E31F4722
2221,E6616407E31F8D22
2222,E6616407E322932F
2223,E6616407E3254527
2224,E6616407E3267921
2225,E6616407E3299721
2226,E6616407E32CB626
2227,E6616407E32D3B22
2228,E6616407E32E2721
2229,E6616407E32F8621
2230,E6616407E330952F
2231,E6616407E331AF21
2232,E6616407E3359722
2233,E6616407E335AE21
2234,E6616407E3379F21
2235,E6616407E3385821
2236,E6616407E33A7421
2237,E6616407E33C1921
2238,E6616407E33CB921
2239,E6616407E33E6821
2240,E6616407E33FC221
2241,E6616407E3444321
2242,E6616407E3467622
2243,E6616407E3474025
2244,E6616407E3479C22
2245,E6616407E348C621
2246,E6616407E3492F22
2247,E6616407E3497522
2248,E6616407E34A2721
2249,E6616407E34A7B22
2250,E6616407E34D3E22
2251,E6616407E34D7421
2252,E6616407E3500926
2253,E6616407E350B824
2254,E6616407E3520821
2255,E6616407E3533C21
2256,E6616407E3534422
2257,E6616407E3543F21
2258,E6616407E3544C21
2259,E6616407E3553421
2260,E6616407E3585121
2261,E6616407E3592D22
2262,E6616407E3596721
2263,E6616407E359BA21
2264,E6616407E35B6922
2265,E6616407E35B8622
2266,E6616407E35CA422
2267,E6616407E35CAE21
2268,E6616407E35F1921
2269,E6616407E35F3721
2270,E6616407E362B721
2271,E6616407E3645F22
2272,E6616407E364BB29
2273,E6616407E365A621
2274,E6616407E3660921
2275,E6616407E3667422
2276,E6616407E3696D21
2277,E6616407E36C7621
2278,E6616407E36E3D22
2279,E6616407E36F5822
2280,E6616407E36FA925
2281,E6616407E3712421
2282,E6616407E3714B22
2283,E6616407E3719A22
2284,E6616407E3734C22
2285,E6616407E3779329
2286,E6616407E378B525
2287,E6616407E37D8021
2288,E6616407E3846022
2289,E6616407E3854221
2290,E6616407E3863D22
2291,E6616407E38A7421
2292,E6616407E38A8821
2293,E6616407E38E5A22
2294,E6616407E390A422
2295,E6616407E3918D21
2296,E6616407E3929F22
2297,E6616407E3942F21
2298,E6616407E396852F
2299,E6616407E3998021
2300,E6616407E39A5322
2301,E6616407E39C5621
2302,E6616407E39D5725
2303,E6616407E3A27421
2304,E661640843115624
2305,E661640843216826
2306,E661640843223E26
2307,E661640843447926
2308,E66164084352B423
2309,E661640843536B26
2310,E661640843625226
2311,E661640843644426
2312,E661640843645626
2313,E6616408436DBD23
2314,E661640843795A26
2315,E661640843858925
2316,E661640843866821
2317,E6616408438A5126
2318,E6616408438B8226
2319,E6616408438F7D26
2320,E66178C1274C6228
2321,E66178C1275C702C
2322,E661801017086B35
2323,E661801017095735
2324,E6618010170A4E35
2325,E6618010170B6935
2326,E6618010170C4B35
2327,E6618010170C5B35
2328,E6618010170C5E35
2329,E6618010170D5D35
2330,E6618010170E5E35
2331,E6618010170E6A35
2332,E6618010170E7C35
2333,E6618010170F6035
2334,E661801017106235
2335,E661801017108635
2336,E661801017116935
2337,E661801017133235
2338,E661801017134635
2339,E661801017134835
2340,E661801017138035
2341,E661801017148F35
2342,E661801017153C35
2343,E661801017159035
2344,E661801017174E35
2345,E661801017176A35
2346,E661801017179635
2347,E661801017179C35
2348,E661801017184E35
2349,E661801017196335
2350,E661801017199835
2351,E6618010171A3535
2352,E6618010171A9A35
2353,E6618010171C4F35
2354,E6618010171C6935
2355,E6618010171D2A35
2356,E6618010171D2E35
2357,E6618010171D3635
2358,E6618010171E4F35
2359,E6618010171E6135
2360,E6618010171E8B35
2361,E6618010171F2A35
2362,E6618010171F4435
2363,E6618010171F9435
2364,E661801017203E35
2365,E661801017205235
2366,E661801017207D35
2367,E661801017208535
2368,E66180101720AF35
2369,E661801017219135
2370,E661801017227235
2371,E661801017233D35
2372,E661801017241B35
2373,E661801017242935
2374,E661801017243B35
2375,E661801017244835
2376,E661801017259835
2377,E661801017266D35
2378,E661801017267E35
2379,E661801017279C35
2380,E661801017279F35
2381,E661801017281635
2382,E661801017283235
2383,E661801017287235
2384,E661801017289535
2385,E66180101728AE35
2386,E661801017291F35
2387,E661801017296835
2388,E6618010172A3835
2389,E6618010172A7C35
2390,E6618010172B6A35
2391,E6618010172B7D35
2392,E6618010172B8135
2393,E6618010172B8735
2394,E6618010172C5235
2395,E6618010172C7D35
2396,E6618010172C8C35
2397,E6618010172CA635
2398,E6618010172D2835
2399,E6618010172D5B35
2400,E6618010172D6135
2401,E6618010172E1D35
2402,E6618010172E4035
2403,E6618010172E7935
2404,E6618010172E8F35
2405,E6618010172E9135
2406,E6618010172F3935
2407,E6618010172F7635
2408,E6618010172FBA35
2409,E661801017315235
2410,E661801017315B35
2411,E661801017323435
2412,E661801017323835
2413,E661801017325835
2414,E661801017327A35
2415,E66180101732B435
2416,E661801017333D35
2417,E661801017336C35
2418,E661801017338E35
2419,E66180101733BC35
2420,E661801017341735
2421,E66180101734AA35
2422,E661801017353135
2423,E661801017355F35
2424,E66180101736A535
2425,E661801017373B35
2426,E661801017376F35
2427,E661801017383035
2428,E661801017384935
2429,E661801017399935
2430,E66180101739B135
2431,E6618010173A3035
2432,E6618010173B2D35
2433,E6618010173B4235
2434,E6618010173B4335
2435,E6618010173B5035
2436,E6618010173BC035
2437,E6618010173C1D35
2438,E6618010173C3135
2439,E6618010173C6435
2440,E6618010173C7535
2441,E6618010173C9E35
2442,E6618010173D5D35
2443,E6618010173E0935
2444,E6618010173E0E35
2445,E6618010173E2735
2446,E6618010173E4335
2447,E6618010173E8535
2448,E6618010173F3E35
2449,E6618010173F5135
2450,E6618010173F5635
2451,E6618010173FA635
2452,E6618010173FB535
2453,E661801017400D35
2454,E661801017401F35
2455,E661801017402735
2456,E661801017405735
2457,E661801017406435
2458,E661801017406F35
2459,E661801017409335
2460,E661801017411335
2461,E66180101741BA35
2462,E661801017420B35
2463,E661801017421435
2464,E661801017423E35
2465,E661801017427135
2466,E661801017429B35
2467,E66180101742A735
2468,E661801017431435
2469,E661801017433135
2470,E661801017433A35
2471,E661801017433F35
2472,E661801017435635
2473,E661801017436E35
2474,E661801017438535
2475,E661801017447A35
2476,E66180101744B235
2477,E66180101744B835
2478,E661801017450735
2479,E661801017451E35
2480,E661801017455D35
2481,E661801017456C35
2482,E661801017457935
2483,E661801017458F35
2484,E661801017461F35
2485,E661801017463C35
2486,E66180101746AE35
2487,E661801017476B35
2488,E661801017480735
2489,E661801017483E35
2490,E661801017491235
2491,E661801017492035
2492,E661801017492B35
2493,E661801017492D35
2494,E661801017495935
2495,E661801017497D35
2496,E6618010174A1A35
2497,E6618010174A5235
2498,E6618010174A7A35
2499,E6618010174A8635
2500,E6618010174A8C35
2501,E6618010174ABA35
2502,E6618010174ABE35
2503,E6618010174B7635
2504,E6618010174BA035
2505,E6618010174BAB35
2506,E6618010174C2B35
2507,E6618010174C5135
2508,E6618010174C7935
2509,E6618010174C9A35
2510,E6618010174D2135
2511,E6618010174D3F35
2512,E6618010174F0D35
2513,E6618010174F1D35
2514,E6618010174F5435
2515,E6618010174F9335
2516,E6618010174F9735
2517,E6618010174FC435
2518,E66180101750A035
2519,E66180101750C335
2520,E661801017511A35
2521,E661801017517C35
2522,E661801017518D35
2523,E661801017521B35
2524,E661801017524C35
2525,E661801017535D35
2526,E661801017540A35
2527,E661801017548835
2528,E661801017551C35
2529,E661801017555A35
2530,E661801017563D35
2531,E661801017565735
2532,E661801017567E35
2533,E661801017573D35
2534,E661801017575735
2535,E661801017578A35
2536,E661801017582035
2537,E661801017585F35
2538,E661801017587A35
2539,E661801017588B35
2540,E661801017589D35
2541,E66180101758C035
2542,E661801017597335
2543,E6618010175A3735
2544,E6618010175A5A35
2545,E6618010175A7935
2546,E6618010175A8835
2547,E6618010175A8C35
2548,E6618010175AB435
2549,E6618010175B6335
2550,E6618010175BB535
2551,E6618010175BC135
2552,E6618010175C5235
2553,E6618010175D0D35
2554,E6618010175D1635
2555,E6618010175D2135
2556,E6618010175D8B35
2557,E6618010175DA035
2558,E6618010175DAD35
2559,E6618010175EB035
2560,E6618010175F1435
2561,E6618010175F2235
2562,E6618010175F2835
2563,E6618010175F3435
2564,E6618010175F3535
2565,E6618010175F8035
2566,E6618010175FAB35
2567,E661801017602635
2568,E661801017604035
2569,E661801017606435
2570,E661801017610835
2571,E661801017614135
2572,E66180101761AD35
2573,E661801017624735
2574,E661801017624A35
2575,E661801017625535
2576,E661801017627635
2577,E661801017635E35
2578,E66180101763BD35
2579,E661801017643E35
2580,E661801017645E35
2581,E661801017650D35
2582,E661801017658235
2583,E661801017659135
2584,E661801017665235
2585,E661801017666A35
2586,E66180101766B535
2587,E661801017670E35
2588,E661801017673B35
2589,E661801017673F35
2590,E661801017678C35
2591,E661801017679635
2592,E66180101767A035
2593,E66180101767AE35
2594,E661801017681B35
2595,E661801017685E35
2596,E661801017686635
2597,E66180101768A635
2598,E661801017691F35
2599,E661801017699035
2600,E6618010176A7135
2601,E6618010176AB835
2602,E6618010176ABD35
2603,E6618010176B4A35
2604,E6618010176C1235
2605,E6618010176C2135
2606,E6618010176C7435
2607,E6618010176CB835
2608,E6618010176D2735
2609,E6618010176D2D35
2610,E6618010176D2F35
2611,E6618010176D8435
2612,E6618010176D9A35
2613,E6618010176E2235
2614,E6618010176EBE35
2615,E6618010176F5735
2616,E6618010176F5835
2617,E6618010176FA335
2618,E661801017702835
2619,E66180101770BC35
2620,E66180101771B435
2621,E661801017721535
2622,E66180101772B535
2623,E661801017734435
2624,E661801017737B35
2625,E661801017738835
2626,E661801017739835
2627,E661801017739C35
2628,E66180101773A835
2629,E661801017741335
2630,E661801017743935
2631,E661801017744535
2632,E661801017745435
2633,E66180101774B235
2634,E661801017756C35
2635,E661801017757E35
2636,E661801017767D35
2637,E66180101776BC35
2638,E661801017776535
2639,E661801017779935
2640,E66180101777A835
2641,E661801017781635
2642,E661801017794B35
2643,E6618010177A6035
2644,E6618010177C7935
2645,E6618010177D1C35
2646,E6618010177D9935
2647,E6618010177DA535
2648,E6618010177E4635
2649,E6618010177E5335
2650,E6618010177E8B35
2651,E6618010177EAF35
2652,E6618010177F2B35
2653,E6618010177F5335
2654,E6618010177F9435
2655,E661801017806F35
2656,E661801017813A35
2657,E661801017817735
2658,E661801017822235
2659,E66180101785A235
2660,E66180101785AA35
2661,E661801017863735
2662,E661801017869935
2663,E66180101786AC35
2664,E66180101786AE35
2665,E661801017874C35
2666,E661801017878535
2667,E66180101787AA35
2668,E661801017882735
2669,E661801017883635
2670,E661801017883B35
2671,E661801017887F35
2672,E661801017895235
2673,E661801017895D35
2674,E6618010178A3535
2675,E6618010178A5935
2676,E6618010178A6E35
2677,E6618010178B5135
2678,E6618010178B5635
2679,E6618010178C8F35
2680,E6618010178D4D35
2681,E6618010178D9D35
2682,E6618010178E9435
2683,E6618010178F3135
2684,E6618010178F8A35
2685,E661801017903835
2686,E661801017907035
2687,E661801017908835
2688,E661801017913035
2689,E661801017917A35
2690,E661801017933735
2691,E661801017948535
2692,E661801017949A35
2693,E661801017957835
2694,E661801017979435
2695,E661801017984635
2696,E661801017989335
2697,E661801017995035
2698,E6618010179A5435
2699,E6618010179E6035
2700,E6618010179E7435
2701,E6618010179F5235
2702,E6618010179F5835
2703,E6618010179F5A35
2704,E6618010179F7335
2705,E661801017A07B35
2706,E661801017A17835
2707,E66180109F123223
2708,E66180109F1E8023
2709,E66180109F1F2F24
2710,E66180109F263424
2711,E66180109F267C24
2712,E66180109F2AB924
2713,E66180109F2C6223
2714,E66180109F2F7623
2715,E66180109F2F9A24
2716,E66180109F354A23
2717,E66180109F387D25
2718,E66180109F39A125
2719,E66180109F42A825
2720,E66180109F435223
2721,E66180109F4C0B24
2722,E66180109F4CAC24
2723,E66180109F542524
2724,E66180109F595624
2725,E66180109F609424
2726,E66180109F679B25
2727,E66180109F6C6823
2728,E66180109F710C24
2729,E66180109F718924
2730,E66180109F756225
2731,E66180109F78BB25
2732,E66180109F7B8623
2733,E66180109F8E6924
2734,E66180109F943224
2735,E661AC8863075925
2736,E661AC8863085C25
2737,E661AC8863086727
2738,E661AC8863087E25
2739,E661AC88630B5724
2740,E661AC88630B6B28
2741,E661AC88630B6D25
2742,E661AC88630B7725
2743,E661AC88630D5B27
2744,E661AC88630E9224
2745,E661AC88630F6327
2746,E661AC88630F9425
2747,E661AC8863106425
2748,E661AC8863107425
2749,E661AC8863108B24
2750,E661AC8863115725
2751,E661AC8863116324
2752,E661AC8863117A25
2753,E661AC8863118624
2754,E661AC8863119124
2755,E661AC8863125D27
2756,E661AC8863135D22
2757,E661AC8863139824
2758,E661AC8863144B27
2759,E661AC8863149B27
2760,E661AC8863153227
2761,E661AC8863156027
2762,E661AC8863167F24
2763,E661AC8863172B27
2764,E661AC8863172C25
2765,E661AC8863175C25
2766,E661AC8863184A25
2767,E661AC8863185D24
2768,E661AC8863186E25
2769,E661AC8863187F21
2770,E661AC8863192625
2771,E661AC8863198B24
2772,E661AC88631A2824
2773,E661AC88631A7C24
2774,E661AC88631B6424
2775,E661AC88631B8724
2776,E661AC88631B9E25
2777,E661AC88631C8E27
2778,E661AC88631CAB22
2779,E661AC88631D4025
2780,E661AC88631D8024
2781,E661AC88631D9125
2782,E661AC88631F5B25
2783,E661AC88631F6525
2784,E661AC88631F8F24
2785,E661AC88631F9624
2786,E661AC8863203025
2787,E661AC8863205B24
2788,E661AC8863205B25
2789,E661AC8863208228
2790,E661AC8863209327
2791,E661AC8863212726
2792,E661AC8863225E27
2793,E661AC8863226D24
2794,E661AC8863227027
2795,E661AC8863233F24
2796,E661AC8863237024
2797,E661AC8863237624
2798,E661AC8863237B27
2799,E661AC8863239025
2800,E661AC8863242C22
2801,E661AC8863252225
2802,E661AC8863252F25
2803,E661AC8863252F27
2804,E661AC8863253A24
2805,E661AC8863254F24
2806,E661AC8863262624
2807,E661AC8863265225
2808,E661AC8863267128
2809,E661AC8863279F24
2810,E661AC886327A525
2811,E661AC8863283B24
2812,E661AC8863287224
2813,E661AC8863299125
2814,E661AC88632A8024
2815,E661AC88632B1F24
2816,E661AC88632C1625
2817,E661AC88632C7825
2818,E661AC88632C7C27
2819,E661AC88632D3927
2820,E661AC88632D8C24
2821,E661AC88632E2627
2822,E661AC88632E9427
2823,E661AC88632E9E25
2824,E661AC88632F1F24
2825,E661AC88632F5127
2826,E661AC88632F8125
2827,E661AC8863303B25
2828,E661AC886330A022
2829,E661AC8863314725
2830,E661AC8863316524
2831,E661AC886331A927
2832,E661AC8863322424
2833,E661AC8863322827
2834,E661AC8863329927
2835,E661AC886332BE21
2836,E661AC886333A424
2837,E661AC886333B127
2838,E661AC8863344127
2839,E661AC8863349A25
2840,E661AC886334AE22
2841,E661AC8863362424
2842,E661AC8863362C27
2843,E661AC8863369324
2844,E661AC8863372824
2845,E661AC8863378227
2846,E661AC886337A027
2847,E661AC8863383325
2848,E661AC8863385025
2849,E661AC8863385D27
2850,E661AC8863388C21
2851,E661AC8863399B24
2852,E661AC88633A3B25
2853,E661AC88633A4927
2854,E661AC88633A8427
2855,E661AC88633A9128
2856,E661AC88633AB227
2857,E661AC88633B7524
2858,E661AC88633C0B27
2859,E661AC88633C2C25
2860,E661AC88633C3727
2861,E661AC88633C4723
2862,E661AC88633C7E25
2863,E661AC88633C8324
2864,E661AC88633D2425
2865,E661AC88633F1227
2866,E661AC88633FA021
2867,E661AC8863401728
2868,E661AC8863406424
2869,E661AC8863406527
2870,E661AC8863408624
2871,E661AC8863412227
2872,E661AC8863413E25
2873,E661AC886341B028
2874,E661AC886341B924
2875,E661AC8863420B24
2876,E661AC8863427D27
2877,E661AC8863428325
2878,E661AC8863428925
2879,E661AC886342AC27
2880,E661AC8863430825
2881,E661AC8863434827
2882,E661AC8863436425
2883,E661AC8863438F25
2884,E661AC8863439127
2885,E661AC886343A525
2886,E661AC886343BA24
2887,E661AC8863442624
2888,E661AC8863449127
2889,E661AC8863451A24
2890,E661AC8863453725
2891,E661AC8863453E27
2892,E661AC8863467824
2893,E661AC8863478F27
2894,E661AC886347C327
2895,E661AC8863487E27
2896,E661AC886348B427
2897,E661AC886349B227
2898,E661AC88634B7E27
2899,E661AC88634B8623
2900,E661AC88634D9621
2901,E661AC88634E1028
2902,E661AC88634E2C25
2903,E661AC88634E5E27
2904,E661AC88634E9325
2905,E661AC88634FA921
2906,E661AC88634FC324
2907,E661AC8863503D22
2908,E661AC8863504522
2909,E661AC8863507525
2910,E661AC8863509125
2911,E661AC886350C027
2912,E661AC8863514625
2913,E661AC8863514B24
2914,E661AC8863517D25
2915,E661AC8863522524
2916,E661AC8863526D25
2917,E661AC8863533227
2918,E661AC8863535221
2919,E661AC8863542924
2920,E661AC8863545025
2921,E661AC8863545924
2922,E661AC8863546F25
2923,E661AC886354A525
2924,E661AC886354A724
2925,E661AC8863551328
2926,E661AC8863552C22
2927,E661AC8863554325
2928,E661AC8863565527
2929,E661AC8863565824
2930,E661AC8863567227
2931,E661AC8863575727
2932,E661AC8863576024
2933,E661AC8863580C27
2934,E661AC8863580D27
2935,E661AC886358AA24
2936,E661AC886358AC24
2937,E661AC8863591824
2938,E661AC8863596125
2939,E661AC8863597E27
2940,E661AC88635A1525
2941,E661AC88635A1827
2942,E661AC88635A5424
2943,E661AC88635A6E25
2944,E661AC88635AC524
2945,E661AC88635B1C25
2946,E661AC88635B4325
2947,E661AC88635B6425
2948,E661AC88635C0925
2949,E661AC88635C0A24
2950,E661AC88635C8227
2951,E661AC88635C8F27
2952,E661AC88635C9025
2953,E661AC88635CA327
2954,E661AC88635CC524
2955,E661AC88635D2121
2956,E661AC88635F2B22
2957,E661AC8863617125
2958,E661AC8863617322
2959,E661AC8863617927
2960,E661AC8863617F24
2961,E661AC886361C023
2962,E661AC886362C027
2963,E661AC8863635825
2964,E661AC8863644524
2965,E661AC8863647127
2966,E661AC8863649027
2967,E661AC886364AE24
2968,E661AC8863650825
2969,E661AC8863658B21
2970,E661AC886365AA23
2971,E661AC8863663A25
2972,E661AC886366A527
2973,E661AC8863670B25
2974,E661AC8863678324
2975,E661AC886367A425
2976,E661AC8863686427
2977,E661AC8863686925
2978,E661AC8863687824
2979,E661AC8863689824
2980,E661AC8863693D25
2981,E661AC8863695C24
2982,E661AC8863696727
2983,E661AC8863699625
2984,E661AC886369A725
2985,E661AC88636A1524
2986,E661AC88636A8627
2987,E661AC88636B7224
2988,E661AC88636B7824
2989,E661AC88636B9B24
2990,E661AC88636C1E25
2991,E661AC88636C4625
2992,E661AC88636C8024
2993,E661AC88636CBD24
2994,E661AC88636D4D27
2995,E661AC88636DAD26
2996,E661AC88636E2B25
2997,E661AC88636E9024
2998,E661AC88636F0F25
2999,E661AC88636F4324
3000,E661AC88636F4725
3001,E661AC88636FA224
3002,E661AC88636FAA27
3003,E661AC8863701327
3004,E661AC8863702525
3005,E661AC8863702F24
3006,E661AC8863704C27
3007,E661AC886370BB28
3008,E661AC8863719B24
3009,E661AC886371AB24
3010,E661AC8863727A25
3011,E661AC8863737726
3012,E661AC8863743B27
3013,E661AC8863746924
3014,E661AC8863753024
3015,E661AC8863754324
3016,E661AC8863755C27
3017,E661AC8863773C24
3018,E661AC8863775325
3019,E661AC8863793D24
3020,E661AC8863798224
3021,E661AC88637A6B24
3022,E661AC88637C6425
3023,E661AC88637C7C27
3024,E661AC88637C8E25
3025,E661AC88637CB227
3026,E661AC88637DA821
3027,E661AC88637E2327
3028,E661AC88637E7322
3029,E661AC88637E7B25
3030,E661AC88637E9824
3031,E661AC88637F3827
3032,E661AC88637F4B27
3033,E661AC88637F9125
3034,E661AC8863808924
3035,E661AC8863808F27
3036,E661AC8863816E24
3037,E661AC8863818925
3038,E661AC886381A227
3039,E661AC886381B124
3040,E661AC8863825325
3041,E661AC8863826E24
3042,E661AC8863836527
3043,E661AC8863846F27
3044,E661AC8863848324
3045,E661AC8863848E24
3046,E661AC8863852025
3047,E661AC8863859A25
3048,E661AC8863868B24
3049,E661AC8863868F24
3050,E661AC8863876B24
3051,E661AC8863876F24
3052,E661AC8863877E24
3053,E661AC8863884F22
3054,E661AC8863885027
3055,E661AC8863894827
3056,E661AC8863896325
3057,E661AC886389A027
3058,E661AC88638A4D24
3059,E661AC88638A4D27
3060,E661AC88638B5124
3061,E661AC88638B6424
3062,E661AC88638B8625
3063,E661AC88638B9B22
3064,E661AC88638C5324
3065,E661AC88638D3C25
3066,E661AC88638D5427
3067,E661AC88638D6824
3068,E661AC88638D6B24
3069,E661AC88638D8621
3070,E661AC88638E5324
3071,E661AC88638F8A25
3072,E661AC8863904424
3073,E661AC8863908227
3074,E661AC8863918024
3075,E661AC8863925B27
3076,E661AC886392A024
3077,E661AC8863938428
3078,E661AC8863955B25
3079,E661AC8863957E27
3080,E661AC8863965125
3081,E661AC8863973A24
3082,E661AC8863975624
3083,E661AC8863988224
3084,E661AC8863996423
3085,E661AC8863998927
3086,E661AC8863999124
3087,E661AC88639A7725
3088,E661AC88639B7425
3089,E661AC88639B7E24
3090,E661AC88639C5A24
3091,E661AC88639C6221
3092,E661AC88639D5524
3093,E661AC8863A07324
3094,E661AC8863A15D24
3095,E661AC8863A16425
3096,F1ED3B7231BE0EDA
3097,GIs70UAOBno2J8DUZORkp
3098,IzoxxaPp3lNrpsqwvvijY
3099,J1WmUPrLFV1oo8UrTaq8C
3100,K84nNY0sxMi9ENG6q4iC7
3101,OhaCBo6UVTSY0LCFNJXG0
3102,Ryrj5NqqCLw2Z7UAJol2a
3103,Xo3x3eyykYrfCc0TOrqoy
3104,__pycache__
3105,bVCUfP9ABgG8axAc3xnm5
3106,gH0tfBIiucOgD0kistN7m
3107,kEbNtKo0OKJPjeA2ZE1mI
3108,kJ81ANG5VT7uElU5J5zQN
3109,lK0mSGVfjzTb3BzABmvp2
3110,uncaled
3111,wN7JjEFbwBYSpjmBOmQet
3112,zvhmuRzlV4Ows36Y6NOCJ
